[{"@type":"mtTask","id":"@1","name":"mt_SF_A305_Delta","description":"","autoExpireObject":false,"runtimeEnvironmentId":"@hxHB9fgMnk1cYjtmDdCDK0","maxLogs":10,"verbose":false,"mappingId":"@i5wLrk5dTaldIbqAndkxGp","frsGuid":"b3OoNfkrV2thkpHqxfSAoZ","shortDescription":"","sessionPropertiesList":[{"name":"Stop on errors","value":"1","recommended":false}],"hidden":false,"enableCrossSchemaPushdown":true,"enableParallelRun":false,"autoTunedApplied":false,"autoTunedAppliedType":"NONE","parameterFileName":"MCT_FAGLFLEXA_Delta.prm","parameterFileDir":"/infacommon/d/flows/SAP_HANA/config/","schemaMode":"async","valid":true,"schemaValidationErrorCount":-1,"parameterFileEncoding":"UTF-8","serverlessProperties":{},"taskProperties":[{"@type":"taskProperty","name":"parameterFileDir","currentValue":"/infacommon/d/flows/SAP_HANA/config/","type":"STRING","label":"label.parameterFileDir","required":false},{"@type":"taskProperty","name":"parameterFileName","currentValue":"MCT_FAGLFLEXA_Delta.prm","type":"STRING","label":"label.parameterFileName","required":false},{"@type":"taskProperty","name":"outboundMessageUrlQueueTime","currentValue":"","type":"NUMBER","label":"label.outboundMessageUrlQueueTime","required":false},{"@type":"taskProperty","name":"outboundMessageUrlToken","currentValue":"","type":"STRING","label":"label.outboundMessageUrlToken","required":false}],"isMidstreamPreview":false,"allowMaxFieldLength":false,"specialCharacterSupport":false,"useUserDefinedOrder":false,"parameters":[{"@type":"mtTaskParameter","id":1008992857,"name":"$src_HANA$","type":"EXTENDED_SOURCE","label":"P_Src_HANA","description":"","uiProperties":{"cnxtype":"Relational Database","connectionParameterized":"true","paramName":"P_Src_HANA","paramLabel":"","paramType-mapping":"Connection","logcnx":"P_Src_HANA","isSelectDistinct":"false","isMsrcFilterParameterized":"false","isMsrcSortParameterized":"false","objlabel":"P_Src_Query","origobjlabel":"","objectParameterized":"true","objDesc":"","objectParamName":"P_Src_Query","objectParamType-mapping":"DataObject","originalPath":"src_HANA"},"sourceConnectionId":"@gSP90XP9teRf0bYN5KpMMC","newFlatFile":false,"newObject":false,"showBusinessNames":true,"naturalOrder":true,"truncateTarget":false,"bulkApiDBTarget":false,"customFuncCfg":{"@type":"customFuncConfig","id":-1,"connections":[],"inputMap":[],"outputFields":[]},"targetRefsV2":{},"targetUpdateColumns":[],"fieldOrderList":[],"extendedObject":{"@type":"extendedObject","singleMode":false,"filters":[],"sortFields":[]},"runtimeAttrs":{},"isRESTModernSource":true,"customQuery":"SELECT * FROM \"_SYS_BIC\".\"SAPERP.BASE/V01_A305\" ","commandType":0,"isFileList":false,"handleSpecialChars":false,"handleDecimalRoundOff":false,"frsAsset":false,"dynamicFileName":false,"excludeDynamicFileNameField":false,"currentlyProcessedFileName":false,"retainFieldMetadata":false,"useExactSrcNames":false,"userUpdated":true,"tgtObjectAttributes":{},"runtimeParameterData":{"@type":"mtTaskRuntimeParameterData","isConnectionRuntimeParameter":true,"isObjectRuntimeParameter":true,"connectionParameterName":"P_Src_HANA","objectParameterName":"P_Src_Query"},"overridableProperties":[],"overriddenFields":[]},{"@type":"mtTaskParameter","id":1008992858,"name":"$tgt_SF$","type":"TARGET","label":"P_Tgt_conn","description":"","uiProperties":{"cnxtype":"Snowflake Cloud Data Warehouse V2","connectionParameterized":"true","paramName":"P_Tgt_conn","paramLabel":"","paramType-mapping":"Connection","logcnx":"P_Tgt_conn","objlabel":"P_Tgt_Obj","origobjlabel":"","objectParameterized":"true","objDesc":"","objectParamName":"P_Tgt_Obj","objectParamType-mapping":"DataObject","defaultTargetUpdateColumns":"","supportApplyDDLChanges":"true","originalPath":"tgt_SF"},"targetConnectionId":"@9qCp9nB21h7ia8YAD5jvmQ","targetObject":"A305_STG","targetObjectLabel":"A305_STG","newFlatFile":false,"newObject":true,"showBusinessNames":true,"naturalOrder":true,"newObjectName":"A305_STG","truncateTarget":false,"bulkApiDBTarget":false,"operationType":"Insert","customFuncCfg":{"@type":"customFuncConfig","id":-1,"connections":[],"inputMap":[],"outputFields":[]},"targetRefsV2":{},"targetUpdateColumns":[],"fieldOrderList":[],"extendedObject":{"@type":"extendedObject","singleMode":true,"filters":[],"sortFields":[]},"runtimeAttrs":{"Additional Write Runtime Parameters":"","Table Name":"","Warehouse":"","Schema":"","UpdateMode":"Update As Update","Number of local staging files":"","Pre SQL":"","Truncate Target Table":"YES","Post SQL":"","Rejected File Path":"","Role":"","Database":"","Batch Row Size":""},"isRESTModernSource":true,"commandType":0,"isFileList":false,"handleSpecialChars":false,"handleDecimalRoundOff":false,"frsAsset":false,"dynamicFileName":false,"excludeDynamicFileNameField":false,"currentlyProcessedFileName":false,"retainFieldMetadata":false,"objectName":"A305_STG","objectLabel":"A305_STG","useExactSrcNames":false,"userUpdated":true,"tgtObjectAttributes":{"parent":"SFDB_DEV/DWORKD01","tableType":""},"runtimeParameterData":{"@type":"mtTaskRuntimeParameterData","isConnectionRuntimeParameter":true,"isObjectRuntimeParameter":true,"connectionParameterName":"P_Tgt_conn","objectParameterName":"P_Tgt_Obj","objectDefaultValue":"A305_STG"},"overridableProperties":[],"overriddenFields":[]}],"sequences":[],"inOutParameters":[],"connRuntimeAttrs":[]}]